﻿<?xml version="1.0" encoding="utf-8"?>
<publishData>
  <publishProfile publishUrl="http://192.168.197.1/" deleteExistingFiles="False" ftpAnonymousLogin="False" ftpPassiveMode="True" msdeploySite="" msdeploySiteID="" msdeployRemoteSitePhysicalPath="" msdeployAllowUntrustedCertificate="False" msdeploySkipExtraFilesOnServer="True" msdeployMarkAsApp="False" profileName="配置文件1" publishMethod="FileSystem" replaceMatchingFiles="True" userName="" savePWD="False" userPWD="" SelectedForPublish="True">
    <file relUrl="css/themes/bootstrap/filebox.css" publishTime="05/09/2015 19:09:58" />
    <file relUrl="css/themes/metro/images/accordion_arrows.png" publishTime="05/09/2015 19:10:00" />
    <file relUrl="css/themes/gray/messager.css" publishTime="05/09/2015 19:10:00" />
    <file relUrl="css/themes/metro/images/combo_arrow.png" publishTime="05/09/2015 19:10:00" />
    <file relUrl="css/themes/icons/blank.gif" publishTime="05/09/2015 19:10:00" />
    <file relUrl="css/themes/icons/man.png" publishTime="05/09/2015 19:10:00" />
    <file relUrl="css/themes/bootstrap/linkbutton.css" publishTime="05/09/2015 19:10:00" />
    <file relUrl="css/themes/metro/images/spinner_arrows.png" publishTime="05/09/2015 19:10:00" />
    <file relUrl="css/themes/icons/print.png" publishTime="05/09/2015 19:10:00" />
    <file relUrl="css/themes/bootstrap/images/slider_handle.png" publishTime="05/09/2015 19:09:58" />
    <file relUrl="css/themes/black/easyui.css" publishTime="05/09/2015 19:09:58" />
    <file relUrl="css/themes/metro/images/menu_arrows.png" publishTime="05/09/2015 19:10:00" />
    <file relUrl="css/themes/metro/images/layout_arrows.png" publishTime="05/09/2015 19:10:00" />
    <file relUrl="Login.aspx" publishTime="10/28/2015 04:18:10" />
    <file relUrl="css/themes/metro/images/messager_icons.png" publishTime="05/09/2015 19:10:00" />
    <file relUrl="css/themes/default/datebox.css" publishTime="05/09/2015 19:10:00" />
    <file relUrl="css/themes/black/images/accordion_arrows.png" publishTime="05/09/2015 19:09:58" />
    <file relUrl="css/themes/gray/accordion.css" publishTime="05/09/2015 19:10:00" />
    <file relUrl="css/themes/icons/lock.png" publishTime="05/09/2015 19:10:00" />
    <file relUrl="css/themes/metro/images/linkbutton_bg.png" publishTime="05/09/2015 19:10:00" />
    <file relUrl="css/themes/bootstrap/validatebox.css" publishTime="05/09/2015 19:10:00" />
    <file relUrl="css/themes/black/window.css" publishTime="05/09/2015 19:09:58" />
    <file relUrl="image/main/help.png" publishTime="05/09/2015 19:10:00" />
    <file relUrl="css/themes/black/images/tree_icons.png" publishTime="05/09/2015 19:09:58" />
    <file relUrl="image/login/cloud.jpg" publishTime="05/09/2015 19:10:00" />
    <file relUrl="css/themes/icons/filter.png" publishTime="05/09/2015 19:10:00" />
    <file relUrl="css/themes/default/images/panel_tools.png" publishTime="05/09/2015 19:10:00" />
    <file relUrl="css/themes/bootstrap/images/searchbox_button.png" publishTime="05/09/2015 19:09:58" />
    <file relUrl="css/themes/gray/images/layout_arrows.png" publishTime="05/09/2015 19:10:00" />
    <file relUrl="image/main/join.gif" publishTime="05/09/2015 19:10:00" />
    <file relUrl="image/login/i2.png" publishTime="05/09/2015 19:10:00" />
    <file relUrl="LeaveApproveEdit.aspx" publishTime="11/02/2015 21:06:45" />
    <file relUrl="css/themes/bootstrap/images/accordion_arrows.png" publishTime="05/09/2015 19:09:58" />
    <file relUrl="css/themes/gray/numberbox.css" publishTime="05/09/2015 19:10:00" />
    <file relUrl="css/themes/default/images/tabs_icons.png" publishTime="05/09/2015 19:10:00" />
    <file relUrl="css/themes/black/layout.css" publishTime="05/09/2015 19:09:58" />
    <file relUrl="Scripts/easyui/easyui-lang-zh_CN.js" publishTime="05/09/2015 19:09:58" />
    <file relUrl="css/themes/default/easyui.css" publishTime="05/09/2015 19:10:00" />
    <file relUrl="css/themes/bootstrap/pagination.css" publishTime="05/09/2015 19:10:00" />
    <file relUrl="css/themes/black/messager.css" publishTime="05/09/2015 19:09:58" />
    <file relUrl="css/themes/gray/textbox.css" publishTime="05/09/2015 19:10:00" />
    <file relUrl="css/themes/default/images/validatebox_warning.png" publishTime="05/09/2015 19:10:00" />
    <file relUrl="css/themes/black/pagination.css" publishTime="05/09/2015 19:09:58" />
    <file relUrl="Scripts/easyui/jquery.easyui.min.js" publishTime="05/09/2015 19:09:58" />
    <file relUrl="image/main/grid-head.gif" publishTime="05/09/2015 19:10:00" />
    <file relUrl="image/login/none.jpg" publishTime="05/09/2015 19:10:00" />
    <file relUrl="css/themes/gray/tooltip.css" publishTime="05/09/2015 19:10:00" />
    <file relUrl="css/themes/icons/search.png" publishTime="05/09/2015 19:10:00" />
    <file relUrl="css/themes/gray/images/datebox_arrow.png" publishTime="05/09/2015 19:10:00" />
    <file relUrl="css/themes/bootstrap/images/layout_arrows.png" publishTime="05/09/2015 19:09:58" />
    <file relUrl="css/themes/black/tooltip.css" publishTime="05/09/2015 19:09:58" />
    <file relUrl="css/themes/bootstrap/messager.css" publishTime="05/09/2015 19:10:00" />
    <file relUrl="css/themes/black/tree.css" publishTime="05/09/2015 19:09:58" />
    <file relUrl="AttendanceSetting.aspx" publishTime="11/09/2015 01:02:59" />
    <file relUrl="css/themes/metro/numberbox.css" publishTime="05/09/2015 19:10:00" />
    <file relUrl="css/themes/icons/cancel.png" publishTime="05/09/2015 19:10:00" />
    <file relUrl="css/themes/default/images/messager_icons.png" publishTime="05/09/2015 19:10:00" />
    <file relUrl="css/themes/black/images/layout_arrows.png" publishTime="05/09/2015 19:09:58" />
    <file relUrl="css/themes/gray/images/slider_handle.png" publishTime="05/09/2015 19:10:00" />
    <file relUrl="css/themes/icons/large_chart.png" publishTime="05/09/2015 19:10:00" />
    <file relUrl="css/themes/metro/datagrid.css" publishTime="05/09/2015 19:10:00" />
    <file relUrl="image/common/btn.gif" publishTime="05/09/2015 19:10:00" />
    <file relUrl="css/themes/black/images/spinner_arrows.png" publishTime="05/09/2015 19:09:58" />
    <file relUrl="css/themes/bootstrap/calendar.css" publishTime="05/09/2015 19:09:58" />
    <file relUrl="bin/Model.pdb" publishTime="11/17/2015 19:55:15" />
    <file relUrl="css/themes/icons/tip.png" publishTime="05/09/2015 19:10:00" />
    <file relUrl="image/DataPager/next.gif" publishTime="05/09/2015 19:10:00" />
    <file relUrl="bin/BLL.pdb" publishTime="11/17/2015 19:55:16" />
    <file relUrl="css/themes/bootstrap/combo.css" publishTime="05/09/2015 19:09:58" />
    <file relUrl="css/themes/bootstrap/images/tabs_icons.png" publishTime="05/09/2015 19:09:58" />
    <file relUrl="css/themes/default/textbox.css" publishTime="05/09/2015 19:10:00" />
    <file relUrl="css/themes/black/images/validatebox_warning.png" publishTime="05/09/2015 19:09:58" />
    <file relUrl="css/themes/gray/datagrid.css" publishTime="05/09/2015 19:10:00" />
    <file relUrl="css/themes/gray/images/blank.gif" publishTime="05/09/2015 19:10:00" />
    <file relUrl="css/themes/metro/slider.css" publishTime="05/09/2015 19:10:00" />
    <file relUrl="css/themes/icons/redo.png" publishTime="05/09/2015 19:10:00" />
    <file relUrl="image/DataPager/begin.gif" publishTime="05/09/2015 19:10:00" />
    <file relUrl="css/themes/icons/filesave.png" publishTime="05/09/2015 19:10:00" />
    <file relUrl="css/themes/black/images/tabs_icons.png" publishTime="05/09/2015 19:09:58" />
    <file relUrl="css/themes/black/images/datagrid_icons.png" publishTime="05/09/2015 19:09:58" />
    <file relUrl="css/themes/gray/images/datagrid_icons.png" publishTime="05/09/2015 19:10:00" />
    <file relUrl="css/themes/metro/images/tabs_icons.png" publishTime="05/09/2015 19:10:00" />
    <file relUrl="css/themes/bootstrap/images/linkbutton_bg.png" publishTime="05/09/2015 19:09:58" />
    <file relUrl="css/themes/icons/back.png" publishTime="05/09/2015 19:10:00" />
    <file relUrl="css/themes/black/propertygrid.css" publishTime="05/09/2015 19:09:58" />
    <file relUrl="css/themes/default/combobox.css" publishTime="05/09/2015 19:10:00" />
    <file relUrl="css/themes/default/propertygrid.css" publishTime="05/09/2015 19:10:00" />
    <file relUrl="css/common.css" publishTime="05/09/2015 19:09:58" />
    <file relUrl="image/common/edit.png" publishTime="05/09/2015 19:10:00" />
    <file relUrl="css/themes/bootstrap/panel.css" publishTime="05/09/2015 19:10:00" />
    <file relUrl="AttendanceImport.aspx" publishTime="10/29/2015 22:44:08" />
    <file relUrl="LeaveApprove.aspx" publishTime="11/09/2015 01:02:58" />
    <file relUrl="css/themes/black/combo.css" publishTime="05/09/2015 19:09:58" />
    <file relUrl="css/themes/default/pagination.css" publishTime="05/09/2015 19:10:00" />
    <file relUrl="css/login.css" publishTime="05/09/2015 19:09:58" />
    <file relUrl="css/themes/default/numberbox.css" publishTime="05/09/2015 19:10:00" />
    <file relUrl="css/themes/black/images/combo_arrow.png" publishTime="05/09/2015 19:09:58" />
    <file relUrl="css/themes/gray/splitbutton.css" publishTime="05/09/2015 19:10:00" />
    <file relUrl="css/themes/bootstrap/tabs.css" publishTime="05/09/2015 19:10:00" />
    <file relUrl="css/themes/bootstrap/images/pagination_icons.png" publishTime="05/09/2015 19:09:58" />
    <file relUrl="css/themes/gray/tree.css" publishTime="05/09/2015 19:10:00" />
    <file relUrl="css/themes/black/images/linkbutton_bg.png" publishTime="05/09/2015 19:09:58" />
    <file relUrl="css/themes/black/textbox.css" publishTime="05/09/2015 19:09:58" />
    <file relUrl="css/themes/gray/images/menu_arrows.png" publishTime="05/09/2015 19:10:00" />
    <file relUrl="css/themes/black/images/panel_tools.png" publishTime="05/09/2015 19:09:58" />
    <file relUrl="css/themes/icons/mini_refresh.png" publishTime="05/09/2015 19:10:00" />
    <file relUrl="css/themes/gray/images/panel_tools.png" publishTime="05/09/2015 19:10:00" />
    <file relUrl="css/themes/metro/images/datebox_arrow.png" publishTime="05/09/2015 19:10:00" />
    <file relUrl="css/themes/black/splitbutton.css" publishTime="05/09/2015 19:09:58" />
    <file relUrl="css/themes/metro/panel.css" publishTime="05/09/2015 19:10:00" />
    <file relUrl="css/themes/gray/images/tree_icons.png" publishTime="05/09/2015 19:10:00" />
    <file relUrl="UserEdit.aspx" publishTime="10/28/2015 04:18:10" />
    <file relUrl="css/themes/icons/large_picture.png" publishTime="05/09/2015 19:10:00" />
    <file relUrl="css/themes/default/panel.css" publishTime="05/09/2015 19:10:00" />
    <file relUrl="css/themes/bootstrap/images/spinner_arrows.png" publishTime="05/09/2015 19:09:58" />
    <file relUrl="css/themes/gray/linkbutton.css" publishTime="05/09/2015 19:10:00" />
    <file relUrl="css/themes/gray/panel.css" publishTime="05/09/2015 19:10:00" />
    <file relUrl="AttendanceManage.aspx" publishTime="11/09/2015 01:02:58" />
    <file relUrl="css/themes/bootstrap/images/validatebox_warning.png" publishTime="05/09/2015 19:10:00" />
    <file relUrl="image/login/login_btn.png" publishTime="05/09/2015 19:10:00" />
    <file relUrl="css/themes/bootstrap/datebox.css" publishTime="05/09/2015 19:09:58" />
    <file relUrl="css/themes/gray/slider.css" publishTime="05/09/2015 19:10:00" />
    <file relUrl="css/themes/bootstrap/layout.css" publishTime="05/09/2015 19:10:00" />
    <file relUrl="css/themes/gray/menu.css" publishTime="05/09/2015 19:10:00" />
    <file relUrl="Site.Master" publishTime="05/17/2015 20:36:14" />
    <file relUrl="css/themes/metro/easyui.css" publishTime="05/09/2015 19:10:00" />
    <file relUrl="css/themes/black/menubutton.css" publishTime="05/09/2015 19:09:58" />
    <file relUrl="css/themes/default/images/layout_arrows.png" publishTime="05/09/2015 19:10:00" />
    <file relUrl="css/themes/icons/mini_add.png" publishTime="05/09/2015 19:10:00" />
    <file relUrl="AttendanceShow.aspx" publishTime="10/29/2015 22:25:34" />
    <file relUrl="css/themes/bootstrap/images/datagrid_icons.png" publishTime="05/09/2015 19:09:58" />
    <file relUrl="css/themes/gray/images/combo_arrow.png" publishTime="05/09/2015 19:10:00" />
    <file relUrl="css/themes/bootstrap/textbox.css" publishTime="05/09/2015 19:10:00" />
    <file relUrl="css/themes/default/images/accordion_arrows.png" publishTime="05/09/2015 19:10:00" />
    <file relUrl="css/themes/icon.css" publishTime="05/09/2015 19:10:00" />
    <file relUrl="image/main/off.jpg" publishTime="05/09/2015 19:10:00" />
    <file relUrl="css/themes/black/images/messager_icons.png" publishTime="05/09/2015 19:09:58" />
    <file relUrl="css/themes/gray/images/pagination_icons.png" publishTime="05/09/2015 19:10:00" />
    <file relUrl="bin/BLL.dll" publishTime="11/17/2015 19:55:16" />
    <file relUrl="css/themes/default/splitbutton.css" publishTime="05/09/2015 19:10:00" />
    <file relUrl="css/themes/metro/tree.css" publishTime="05/09/2015 19:10:00" />
    <file relUrl="css/themes/icons/undo.png" publishTime="05/09/2015 19:10:00" />
    <file relUrl="css/myCalendar.css" publishTime="05/09/2015 19:09:58" />
    <file relUrl="css/themes/gray/validatebox.css" publishTime="05/09/2015 19:10:00" />
    <file relUrl="image/main/currentUrl.gif" publishTime="05/09/2015 19:10:00" />
    <file relUrl="css/themes/bootstrap/images/calendar_arrows.png" publishTime="05/09/2015 19:09:58" />
    <file relUrl="Scripts/easyui/jquery-1.11.3.js" publishTime="05/09/2015 19:09:58" />
    <file relUrl="css/themes/black/images/pagination_icons.png" publishTime="05/09/2015 19:09:58" />
    <file relUrl="css/themes/default/validatebox.css" publishTime="05/09/2015 19:10:00" />
    <file relUrl="css/themes/bootstrap/window.css" publishTime="05/09/2015 19:10:00" />
    <file relUrl="image/common/btnSearch.gif" publishTime="05/09/2015 19:10:00" />
    <file relUrl="css/themes/gray/calendar.css" publishTime="05/09/2015 19:10:00" />
    <file relUrl="css/themes/default/images/blank.gif" publishTime="05/09/2015 19:10:00" />
    <file relUrl="MyAttendance.aspx" publishTime="05/17/2015 19:13:50" />
    <file relUrl="css/themes/metro/images/calendar_arrows.png" publishTime="05/09/2015 19:10:00" />
    <file relUrl="css/themes/metro/tooltip.css" publishTime="05/09/2015 19:10:00" />
    <file relUrl="css/themes/gray/combobox.css" publishTime="05/09/2015 19:10:00" />
    <file relUrl="css/themes/black/datebox.css" publishTime="05/09/2015 19:09:58" />
    <file relUrl="css/themes/icons/mini_edit.png" publishTime="05/09/2015 19:10:00" />
    <file relUrl="css/themes/gray/images/calendar_arrows.png" publishTime="05/09/2015 19:10:00" />
    <file relUrl="css/themes/black/images/searchbox_button.png" publishTime="05/09/2015 19:09:58" />
    <file relUrl="css/themes/bootstrap/numberbox.css" publishTime="05/09/2015 19:10:00" />
    <file relUrl="css/themes/metro/propertygrid.css" publishTime="05/09/2015 19:10:00" />
    <file relUrl="image/DataPager/last.gif" publishTime="05/09/2015 19:10:00" />
    <file relUrl="css/themes/default/dialog.css" publishTime="05/09/2015 19:10:00" />
    <file relUrl="image/login/i3.png" publishTime="05/09/2015 19:10:00" />
    <file relUrl="css/themes/metro/tabs.css" publishTime="05/09/2015 19:10:00" />
    <file relUrl="css/themes/metro/images/searchbox_button.png" publishTime="05/09/2015 19:10:00" />
    <file relUrl="bin/DAL.dll" publishTime="11/17/2015 19:55:15" />
    <file relUrl="css/themes/metro/messager.css" publishTime="05/09/2015 19:10:00" />
    <file relUrl="css/themes/bootstrap/tree.css" publishTime="05/09/2015 19:10:00" />
    <file relUrl="PersonalInfo.aspx" publishTime="10/29/2015 22:06:08" />
    <file relUrl="image/common/delete.png" publishTime="05/09/2015 19:10:00" />
    <file relUrl="css/themes/default/images/spinner_arrows.png" publishTime="05/09/2015 19:10:00" />
    <file relUrl="css/dialog.css" publishTime="05/09/2015 19:09:58" />
    <file relUrl="css/themes/black/images/calendar_arrows.png" publishTime="05/09/2015 19:09:58" />
    <file relUrl="css/main.css" publishTime="05/09/2015 19:09:58" />
    <file relUrl="css/themes/black/images/menu_arrows.png" publishTime="05/09/2015 19:09:58" />
    <file relUrl="css/themes/default/images/loading.gif" publishTime="05/09/2015 19:10:00" />
    <file relUrl="css/themes/gray/progressbar.css" publishTime="05/09/2015 19:10:00" />
    <file relUrl="css/themes/bootstrap/images/blank.gif" publishTime="05/09/2015 19:09:58" />
    <file relUrl="DepartmentManage.aspx" publishTime="11/09/2015 00:55:46" />
    <file relUrl="css/themes/gray/searchbox.css" publishTime="05/09/2015 19:10:00" />
    <file relUrl="css/themes/default/messager.css" publishTime="05/09/2015 19:10:00" />
    <file relUrl="css/themes/default/calendar.css" publishTime="05/09/2015 19:10:00" />
    <file relUrl="css/themes/gray/images/linkbutton_bg.png" publishTime="05/09/2015 19:10:00" />
    <file relUrl="css/themes/black/filebox.css" publishTime="05/09/2015 19:09:58" />
    <file relUrl="css/themes/default/progressbar.css" publishTime="05/09/2015 19:10:00" />
    <file relUrl="css/themes/default/linkbutton.css" publishTime="05/09/2015 19:10:00" />
    <file relUrl="css/themes/gray/spinner.css" publishTime="05/09/2015 19:10:00" />
    <file relUrl="LeaveApplyEdit.aspx" publishTime="11/02/2015 21:58:24" />
    <file relUrl="css/themes/icons/clear.png" publishTime="05/09/2015 19:10:00" />
    <file relUrl="bin/UIL.pdb" publishTime="11/17/2015 19:55:16" />
    <file relUrl="Scripts/SVSE.UI.js" publishTime="10/27/2015 02:04:10" />
    <file relUrl="image/login/cloud.png" publishTime="05/09/2015 19:10:00" />
    <file relUrl="css/themes/black/images/blank.gif" publishTime="05/09/2015 19:09:58" />
    <file relUrl="image/login/unfold.png" publishTime="05/09/2015 19:10:00" />
    <file relUrl="css/themes/default/slider.css" publishTime="05/09/2015 19:10:00" />
    <file relUrl="css/themes/bootstrap/images/datebox_arrow.png" publishTime="05/09/2015 19:09:58" />
    <file relUrl="css/themes/black/menu.css" publishTime="05/09/2015 19:09:58" />
    <file relUrl="css/themes/black/spinner.css" publishTime="05/09/2015 19:09:58" />
    <file relUrl="css/themes/gray/menubutton.css" publishTime="05/09/2015 19:10:00" />
    <file relUrl="css/themes/icons/pencil.png" publishTime="05/09/2015 19:10:00" />
    <file relUrl="css/themes/metro/datebox.css" publishTime="05/09/2015 19:10:00" />
    <file relUrl="css/MyAttendance.css" publishTime="05/09/2015 19:09:58" />
    <file relUrl="image/login/shadow2.png" publishTime="05/09/2015 19:10:00" />
    <file relUrl="css/themes/black/validatebox.css" publishTime="05/09/2015 19:09:58" />
    <file relUrl="css/themes/default/searchbox.css" publishTime="05/09/2015 19:10:00" />
    <file relUrl="css/themes/bootstrap/images/tree_icons.png" publishTime="05/09/2015 19:10:00" />
    <file relUrl="css/themes/default/filebox.css" publishTime="05/09/2015 19:10:00" />
    <file relUrl="css/themes/metro/calendar.css" publishTime="05/09/2015 19:10:00" />
    <file relUrl="css/themes/black/combobox.css" publishTime="05/09/2015 19:09:58" />
    <file relUrl="css/themes/black/datagrid.css" publishTime="05/09/2015 19:09:58" />
    <file relUrl="css/themes/gray/propertygrid.css" publishTime="05/09/2015 19:10:00" />
    <file relUrl="css/themes/icons/cut.png" publishTime="05/09/2015 19:10:00" />
    <file relUrl="css/themes/black/tabs.css" publishTime="05/09/2015 19:09:58" />
    <file relUrl="css/themes/icons/ok.png" publishTime="05/09/2015 19:10:00" />
    <file relUrl="css/themes/gray/dialog.css" publishTime="05/09/2015 19:10:00" />
    <file relUrl="css/themes/black/panel.css" publishTime="05/09/2015 19:09:58" />
    <file relUrl="css/themes/default/images/searchbox_button.png" publishTime="05/09/2015 19:10:00" />
    <file relUrl="css/themes/icons/sum.png" publishTime="05/09/2015 19:10:00" />
    <file relUrl="image/login/people.png" publishTime="05/09/2015 19:10:00" />
    <file relUrl="css/themes/bootstrap/tooltip.css" publishTime="05/09/2015 19:10:00" />
    <file relUrl="css/themes/gray/combo.css" publishTime="05/09/2015 19:10:00" />
    <file relUrl="css/themes/default/images/datebox_arrow.png" publishTime="05/09/2015 19:10:00" />
    <file relUrl="css/themes/bootstrap/images/messager_icons.png" publishTime="05/09/2015 19:09:58" />
    <file relUrl="css/themes/black/calendar.css" publishTime="05/09/2015 19:09:58" />
    <file relUrl="css/themes/metro/splitbutton.css" publishTime="05/09/2015 19:10:00" />
    <file relUrl="Scripts/jquery-1.4.1.js" publishTime="05/09/2015 19:09:58" />
    <file relUrl="css/themes/metro/dialog.css" publishTime="05/09/2015 19:10:00" />
    <file relUrl="LeaveApply.aspx" publishTime="11/09/2015 01:02:58" />
    <file relUrl="css/themes/color.css" publishTime="05/09/2015 19:10:00" />
    <file relUrl="css/themes/icons/edit_remove.png" publishTime="05/09/2015 19:10:00" />
    <file relUrl="css/themes/default/menu.css" publishTime="05/09/2015 19:10:00" />
    <file relUrl="css/themes/default/images/tree_icons.png" publishTime="05/09/2015 19:10:00" />
    <file relUrl="css/themes/black/numberbox.css" publishTime="05/09/2015 19:09:58" />
    <file relUrl="css/themes/default/images/linkbutton_bg.png" publishTime="05/09/2015 19:10:00" />
    <file relUrl="css/themes/metro/combo.css" publishTime="05/09/2015 19:10:00" />
    <file relUrl="css/themes/gray/images/loading.gif" publishTime="05/09/2015 19:10:00" />
    <file relUrl="css/themes/icons/large_clipart.png" publishTime="05/09/2015 19:10:00" />
    <file relUrl="css/themes/default/combo.css" publishTime="05/09/2015 19:10:00" />
    <file relUrl="css/themes/metro/progressbar.css" publishTime="05/09/2015 19:10:00" />
    <file relUrl="css/themes/bootstrap/slider.css" publishTime="05/09/2015 19:10:00" />
    <file relUrl="css/themes/black/images/slider_handle.png" publishTime="05/09/2015 19:09:58" />
    <file relUrl="css/themes/gray/images/spinner_arrows.png" publishTime="05/09/2015 19:10:00" />
    <file relUrl="bin/DAL.pdb" publishTime="11/17/2015 19:55:15" />
    <file relUrl="Scripts/Toolkit.js" publishTime="05/09/2015 19:09:58" />
    <file relUrl="css/themes/icons/large_smartart.png" publishTime="05/09/2015 19:10:00" />
    <file relUrl="css/themes/metro/images/datagrid_icons.png" publishTime="05/09/2015 19:10:00" />
    <file relUrl="css/themes/bootstrap/images/combo_arrow.png" publishTime="05/09/2015 19:09:58" />
    <file relUrl="css/themes/icons/no.png" publishTime="05/09/2015 19:10:00" />
    <file relUrl="css/themes/bootstrap/accordion.css" publishTime="05/09/2015 19:09:58" />
    <file relUrl="css/themes/metro/images/slider_handle.png" publishTime="05/09/2015 19:10:00" />
    <file relUrl="css/themes/bootstrap/spinner.css" publishTime="05/09/2015 19:10:00" />
    <file relUrl="css/themes/default/datagrid.css" publishTime="05/09/2015 19:10:00" />
    <file relUrl="css/themes/default/images/menu_arrows.png" publishTime="05/09/2015 19:10:00" />
    <file relUrl="Scripts/jquery-1.4.1.min.js" publishTime="05/09/2015 19:09:58" />
    <file relUrl="css/themes/default/images/pagination_icons.png" publishTime="05/09/2015 19:10:00" />
    <file relUrl="css/themes/metro/accordion.css" publishTime="05/09/2015 19:10:00" />
    <file relUrl="css/themes/metro/images/validatebox_warning.png" publishTime="05/09/2015 19:10:00" />
    <file relUrl="DepartmentEdit.aspx" publishTime="10/28/2015 19:04:42" />
    <file relUrl="css/themes/metro/searchbox.css" publishTime="05/09/2015 19:10:00" />
    <file relUrl="css/themes/gray/window.css" publishTime="05/09/2015 19:10:00" />
    <file relUrl="image/main/bottom.gif" publishTime="05/09/2015 19:10:00" />
    <file relUrl="css/themes/default/spinner.css" publishTime="05/09/2015 19:10:00" />
    <file relUrl="css/themes/black/accordion.css" publishTime="05/09/2015 19:09:58" />
    <file relUrl="css/themes/bootstrap/dialog.css" publishTime="05/09/2015 19:09:58" />
    <file relUrl="css/themes/black/images/loading.gif" publishTime="05/09/2015 19:09:58" />
    <file relUrl="css/themes/metro/textbox.css" publishTime="05/09/2015 19:10:00" />
    <file relUrl="css/themes/bootstrap/propertygrid.css" publishTime="05/09/2015 19:10:00" />
    <file relUrl="css/themes/metro/layout.css" publishTime="05/09/2015 19:10:00" />
    <file relUrl="UserManage.aspx" publishTime="11/09/2015 00:26:01" />
    <file relUrl="css/themes/metro/images/blank.gif" publishTime="05/09/2015 19:10:00" />
    <file relUrl="css/themes/bootstrap/images/loading.gif" publishTime="05/09/2015 19:09:58" />
    <file relUrl="css/themes/gray/datebox.css" publishTime="05/09/2015 19:10:00" />
    <file relUrl="css/themes/metro/pagination.css" publishTime="05/09/2015 19:10:00" />
    <file relUrl="css/themes/bootstrap/combobox.css" publishTime="05/09/2015 19:09:58" />
    <file relUrl="css/themes/black/progressbar.css" publishTime="05/09/2015 19:09:58" />
    <file relUrl="css/themes/bootstrap/easyui.css" publishTime="05/09/2015 19:09:58" />
    <file relUrl="css/themes/default/menubutton.css" publishTime="05/09/2015 19:10:00" />
    <file relUrl="image/main/cube.gif" publishTime="05/09/2015 19:10:00" />
    <file relUrl="image/login/i1.png" publishTime="05/09/2015 19:10:00" />
    <file relUrl="css/themes/black/searchbox.css" publishTime="05/09/2015 19:09:58" />
    <file relUrl="css/themes/icons/large_shapes.png" publishTime="05/09/2015 19:10:00" />
    <file relUrl="image/login/tip.png" publishTime="05/09/2015 19:10:00" />
    <file relUrl="image/login/remember.png" publishTime="05/09/2015 19:10:00" />
    <file relUrl="css/themes/gray/images/messager_icons.png" publishTime="05/09/2015 19:10:00" />
    <file relUrl="css/themes/default/window.css" publishTime="05/09/2015 19:10:00" />
    <file relUrl="image/login/btn.png" publishTime="05/09/2015 19:10:00" />
    <file relUrl="css/themes/gray/images/validatebox_warning.png" publishTime="05/09/2015 19:10:00" />
    <file relUrl="css/themes/bootstrap/images/panel_tools.png" publishTime="05/09/2015 19:09:58" />
    <file relUrl="css/themes/black/slider.css" publishTime="05/09/2015 19:09:58" />
    <file relUrl="css/themes/default/tabs.css" publishTime="05/09/2015 19:10:00" />
    <file relUrl="css/themes/default/tree.css" publishTime="05/09/2015 19:10:00" />
    <file relUrl="css/themes/default/images/combo_arrow.png" publishTime="05/09/2015 19:10:00" />
    <file relUrl="css/themes/icons/edit_add.png" publishTime="05/09/2015 19:10:00" />
    <file relUrl="css/themes/metro/images/pagination_icons.png" publishTime="05/09/2015 19:10:00" />
    <file relUrl="css/themes/icons/reload.png" publishTime="05/09/2015 19:10:00" />
    <file relUrl="css/themes/metro/spinner.css" publishTime="05/09/2015 19:10:00" />
    <file relUrl="css/themes/gray/images/accordion_arrows.png" publishTime="05/09/2015 19:10:00" />
    <file relUrl="css/themes/bootstrap/images/menu_arrows.png" publishTime="05/09/2015 19:09:58" />
    <file relUrl="bin/UIL.dll" publishTime="11/17/2015 19:55:16" />
    <file relUrl="css/themes/gray/easyui.css" publishTime="05/09/2015 19:10:00" />
    <file relUrl="css/themes/gray/pagination.css" publishTime="05/09/2015 19:10:00" />
    <file relUrl="css/themes/metro/images/tree_icons.png" publishTime="05/09/2015 19:10:00" />
    <file relUrl="css/themes/metro/linkbutton.css" publishTime="05/09/2015 19:10:00" />
    <file relUrl="bin/Model.dll" publishTime="11/17/2015 19:55:15" />
    <file relUrl="css/themes/default/images/slider_handle.png" publishTime="05/09/2015 19:10:00" />
    <file relUrl="css/themes/gray/images/tabs_icons.png" publishTime="05/09/2015 19:10:00" />
    <file relUrl="css/themes/default/accordion.css" publishTime="05/09/2015 19:10:00" />
    <file relUrl="css/themes/bootstrap/splitbutton.css" publishTime="05/09/2015 19:10:00" />
    <file relUrl="css/themes/black/dialog.css" publishTime="05/09/2015 19:09:58" />
    <file relUrl="css/themes/metro/filebox.css" publishTime="05/09/2015 19:10:00" />
    <file relUrl="css/themes/gray/images/searchbox_button.png" publishTime="05/09/2015 19:10:00" />
    <file relUrl="image/main/top.gif" publishTime="05/09/2015 19:10:00" />
    <file relUrl="css/themes/bootstrap/searchbox.css" publishTime="05/09/2015 19:10:00" />
    <file relUrl="css/themes/icons/help.png" publishTime="05/09/2015 19:10:00" />
    <file relUrl="css/themes/metro/window.css" publishTime="05/09/2015 19:10:00" />
    <file relUrl="css/themes/gray/layout.css" publishTime="05/09/2015 19:10:00" />
    <file relUrl="css/themes/black/images/datebox_arrow.png" publishTime="05/09/2015 19:09:58" />
    <file relUrl="css/themes/bootstrap/menu.css" publishTime="05/09/2015 19:10:00" />
    <file relUrl="css/themes/metro/menubutton.css" publishTime="05/09/2015 19:10:00" />
    <file relUrl="Web.config" publishTime="11/17/2015 19:55:17" />
    <file relUrl="css/themes/default/images/calendar_arrows.png" publishTime="05/09/2015 19:10:00" />
    <file relUrl="css/themes/metro/combobox.css" publishTime="05/09/2015 19:10:00" />
    <file relUrl="css/themes/metro/images/panel_tools.png" publishTime="05/09/2015 19:10:00" />
    <file relUrl="image/DataPager/end.gif" publishTime="05/09/2015 19:10:00" />
    <file relUrl="image/menu/menu.gif" publishTime="05/09/2015 19:10:00" />
    <file relUrl="image/main/main-title.gif" publishTime="05/09/2015 19:10:00" />
    <file relUrl="css/themes/metro/menu.css" publishTime="05/09/2015 19:10:00" />
    <file relUrl="css/themes/default/tooltip.css" publishTime="05/09/2015 19:10:00" />
    <file relUrl="css/themes/bootstrap/progressbar.css" publishTime="05/09/2015 19:10:00" />
    <file relUrl="css/themes/bootstrap/datagrid.css" publishTime="05/09/2015 19:09:58" />
    <file relUrl="Scripts/myCalendar.js" publishTime="10/27/2015 02:54:17" />
    <file relUrl="image/login/d.png" publishTime="05/09/2015 19:10:00" />
    <file relUrl="css/themes/black/linkbutton.css" publishTime="05/09/2015 19:09:58" />
    <file relUrl="css/themes/default/images/datagrid_icons.png" publishTime="05/09/2015 19:10:00" />
    <file relUrl="css/themes/gray/filebox.css" publishTime="05/09/2015 19:10:00" />
    <file relUrl="Scripts/jquery-1.4.1-vsdoc.js" publishTime="05/09/2015 19:09:58" />
    <file relUrl="css/themes/metro/validatebox.css" publishTime="05/09/2015 19:10:00" />
    <file relUrl="css/themes/default/layout.css" publishTime="05/09/2015 19:10:00" />
    <file relUrl="css/themes/metro/images/loading.gif" publishTime="05/09/2015 19:10:00" />
    <file relUrl="css/themes/gray/tabs.css" publishTime="05/09/2015 19:10:00" />
    <file relUrl="css/themes/bootstrap/menubutton.css" publishTime="05/09/2015 19:10:00" />
    <file relUrl="image/main/logo.png" publishTime="05/09/2015 19:10:00" />
  </publishProfile>
</publishData>